tipo;subtipo;codigo_prestacion;nombre_prestacion;importe;cantidad;iva
SERVICIOS;ADMISION  ;	80161602-03;ENTREGA DE RESULTADO DE LABORATORIOS;174;500;16.00%
SERVICIOS;ADMISION  ;	80161602-04;ENTREGA DE RESULTADOS DE PATOLOGIA;174;500;16.00%
SERVICIOS;ADMISION  ;	80161602-02;LLENADO DE CONSENTIMIENTOS QUIRURJICOS;174;500;16.00%
SERVICIOS;ADMISION  ;	80161602-05;RECORDATORIO DE CITAS;174;500;16.00%
SERVICIOS;ADMISION  ;	80161602-01;REGISTRO DE PACIENTE ;174;500;16.00%
SERVICIOS;CONSULTA GENERAL;	85121601-03;CONSULTA PROGRAMADA;290;500;16.00%
SERVICIOS;CONSULTA GENERAL;	85121601-04;CONSULTA URGENTE;406;500;16.00%
SERVICIOS;CONSULTA GENERAL;	85121601-02;HONORARIOS QUIRURJICOS SEGUNDO AYUDANTE;1740;500;16.00%
SERVICIOS;CONSULTA GENERAL;	85121601-01;HONORARIOS QUIRURJICOS/AYUDANTIA;2320;500;16.00%
SERVICIOS;GINECOLOGIA;85121601-10;CULTIVO;500;500;16.00%
SERVICIOS;GINECOLOGIA;	85121601-05;HONORARIOS QUIRURJICOS GINECOLOGICO;4640;500;16.00%
SERVICIOS;GINECOLOGIA;	85121601-08;INTERCONSULTA PROGRAMADA;1740;500;16.00%
SERVICIOS;GINECOLOGIA;	85121601-09;INTERCONSULTA URGENTE;2320;500;16.00%
SERVICIOS;GINECOLOGIA;	85121601-06;VPO(VALUACION PREOPERATORIA) PROGRAMADA;1160;500;16.00%
SERVICIOS;GINECOLOGIA;	85121601-07;VPO(VALUACION PREOPERATORIA) URGENTE;1740;500;16.00%
SERVICIOS;CIRUGIA GENERAL;	85121600_03;HONORARIOS QUIRURJICOS CIRUGIA GENERAL;4640;500;16.00%
SERVICIOS;CIRUGIA GENERAL;	85121600_01;INTERCONSULTA;1740;500;16.00%
SERVICIOS;CIRUGIA GENERAL;	85121600_02;INTERCONSULTA;2320;500;16.00%
SERVICIOS;MEDICINA INTERNA;	85121600_06;MANEJO HOSPITALARIO;2320;500;16.00%
SERVICIOS;MEDICINA INTERNA;85121600_07;MANEJO HOSPITALARIO;4640;500;16.00%
SERVICIOS;MEDICINA INTERNA;85121600_04;VPO (EVALUCION PREOPERATORIA);1740;500;16.00%
SERVICIOS;MEDICINA INTERNA;	85121600_05;VPO (EVALUCION PREOPERATORIA) URGENTE;2900;500;16.00%
SERVICIOS;TRAUMATOLOGIA;	85121600_10;HONORARIOS QUIRURJICOS TRAUMATOLOGIA;0;500;16.00%
SERVICIOS;TRAUMATOLOGIA;	85121600_08;INTERCONSULTA PROGRAMADA;1740;500;16.00%
SERVICIOS;TRAUMATOLOGIA;	85121600_09;INTERCONSULTA URGENTE;2320;500;16.00%
SERVICIOS;OTORRINO;	85121600_13;HONORARIOS QUIRURJICOS OTORRINO;0;500;16.00%
SERVICIOS;OTORRINO;	85121600_11;INTERCONSULTA PROGRAMADA;1740;500;16.00%
SERVICIOS;OTORRINO;	85121600_12;INTERCONSULTA URGENTE;2320;500;16.00%
SERVICIOS;NEFROLOGIA;	85121600_18;HONORARIOS QUIRURJICOS DE NEFROLOGIA;0;500;16.00%
SERVICIOS;NEFROLOGIA;	85121600_16;MANEJO HOSPITALARIO;2320;500;16.00%
SERVICIOS;NEFROLOGIA;	85121600_17;MANEJO HOSPITALARIO;4640;500;16.00%
SERVICIOS;NEFROLOGIA;	85121600_14;VPO (EVALUCION PREOPERATORIA);1740;500;16.00%
SERVICIOS;NEFROLOGIA;	85121600_15;VPO (EVALUCION PREOPERATORIA) URGENTE;2900;500;16.00%
SERVICIOS;RX;	85121808_03;A DOMICILIO;1624;500;16.00%
SERVICIOS;RX;	85121808_01;ESTUDIOS PREOPERATORIO;232;500;16.00%
SERVICIOS;RX;	85121808_05;FISIOTERAPIA;464;500;16.00%
SERVICIOS;RX;	85121808_04;INTERPRETACION ;116;500;16.00%
SERVICIOS;RX;	85121808_06;PAQUETE DE 10 SESIONES;4872;500;16.00%
SERVICIOS;RX;	85121808_02;RAYOS X (CUALQUIER ZONA) POR TOMA;371.2;500;16.00%
SERVICIOS;RX;	85121808_10;RESONANCIA MAGNETICA CONSTRASTADA;5568;500;16.00%
SERVICIOS;RX;	85121808_09;RESONANCIA MAGNETICA SIMPLE ;5220;500;16.00%
SERVICIOS;RX;	85121808_08;TOMOGRAFIA CONSTRASTADA;4408;500;16.00%
SERVICIOS;RX;	85121808_07;TOMOGRAFIAS SIMPLE;4060;500;16.00%
SERVICIOS;RX URGENTES;	85121808_13;A DOMICILIO;3248;500;16.00%
SERVICIOS;RX URGENTES;	85121808_11;ESTUDIOS PREOPERATORIO;928;500;16.00%
SERVICIOS;RX URGENTES;	85121808_15;FISIOTERAPIA;464;500;16.00%
SERVICIOS;RX URGENTES;	85121808_14;INTERPRETACION ;348;500;16.00%
SERVICIOS;RX URGENTES;	85121808_16;PAQUETE DE 10 SESIONES;4915.05;500;16.00%
SERVICIOS;RX URGENTES;	85121808_12;RAYOS X (CUALQUIER ZONA) POR TOMA;928;500;16.00%
SERVICIOS;RX URGENTES;	85121808_20;RESONANCIA MAGNETICA CONSTRASTADA;6728;500;16.00%
SERVICIOS;RX URGENTES;	85121808_19;RESONANCIA MAGNETICA SIMPLE ;6380;500;16.00%
SERVICIOS;RX URGENTES;	85121808_18;TOMOGRAFIA CONSTRASTADA;5568;500;16.00%
SERVICIOS;RX URGENTES;	85121808_17;TOMOGRAFIAS SIMPLE;5220;500;16.00%
SERVICIOS;RX EN QUIROFANO;	85121808_21;USO DE ARCO EN C;8120;500;16.00%
SERVICIOS;RX EN QUIROFANO;	85121808_22;USO DE RAYOS X PORTATIL;812;500;16.00%
SERVICIOS;ESTUDIOS;	85121800_03;ELECTROCARDIOGRAMA DE VERIFICACION POR FALLECIMIENTO;812;500;16.00%
SERVICIOS;ESTUDIOS;	85121800_01;ELECTROCARDIOGRAMA EN REPOSO;522;500;16.00%
SERVICIOS;ESTUDIOS;	85121800_02;REGISTRO DE TOCOCARDIOGRAFO;580;500;16.00%
SERVICIOS;ENFERMERIA;	85101601_24;APLICACION DE EMODERIVADOS HOSPITALARIA;580;500;16.00%
SERVICIOS;ENFERMERIA;	85101601_21;APLICACION DE ENEMA HOSPITALARIA;696;500;16.00%
SERVICIOS;ENFERMERIA;	85101601_07;APLICACION DE INYECCION INTRAMUSCULAR AMBULATORIA;58;500;16.00%
SERVICIOS;ENFERMERIA;	85101601_08;APLICACION DE INYECCION INTRAMUSCULAR HOSPITALARIA;40.6;500;16.00%
SERVICIOS;ENFERMERIA;	85101601_09;APLICACION DE INYECCION INTRAVENOSA AMBULATORIA;58;500;16.00%
SERVICIOS;ENFERMERIA;	85101601_10;APLICACION DE INYECCION INTRAVENOSA HOSPITALARIA;40.6;500;16.00%
SERVICIOS;ENFERMERIA;	85101601_13;APLICACION DE MEDICAMENTO ORAL AMBULATORIO;23.2;500;16.00%
SERVICIOS;ENFERMERIA;	85101601_14;APLICACION DE MEDICAMENTO ORAL HOSPITALARIO;23.2;500;16.00%
SERVICIOS;ENFERMERIA;	85101601_11;APLICACION DE MEDICAMENTO TOPICO AMBULATORIO;580;500;16.00%
SERVICIOS;ENFERMERIA;	85101601_12;APLICACION DE MEDICAMENTO TOPICO HOSPITALARIO;580;500;16.00%
SERVICIOS;ENFERMERIA;	85101601_25;APLICACION DE MEDICAMENTOS CON BOMBA DE INFUSION;580;500;16.00%
SERVICIOS;ENFERMERIA;	85101601_26;APLICACION DE OXIGENO;116;500;16.00%
SERVICIOS;ENFERMERIA;	85101601_15;APLICACION DE SONDA URETRAL AMBULATORIA;696;500;16.00%
SERVICIOS;ENFERMERIA;	85101601_16;APLICACION DE SONDA URETRAL HOSPITALARIA;696;500;16.00%
SERVICIOS;ENFERMERIA;	85101601_27;APLICACION DE YESO 1 VENDA DE 15 CM ;174;500;16.00%
SERVICIOS;ENFERMERIA;	85101601_35;ARMADO DE CHAROLAS DE INSTRUMENTAL;232;500;16.00%
SERVICIOS;ENFERMERIA;	85101601_36;ARMADO DE COMPRESAS;232;500;16.00%
SERVICIOS;ENFERMERIA;	85101601_37;ARMADO DE GASAS;232;500;16.00%
SERVICIOS;ENFERMERIA;	85101601_38;ARMADO DE MATERIAL DIVERSO;696;500;16.00%
SERVICIOS;ENFERMERIA;	85101601_34;ARMADO DE VULTOS DE CIRUJIA GENERAL;348;500;16.00%
SERVICIOS;ENFERMERIA;	85101601_28;BANO DE ESPONJA;232;500;16.00%
SERVICIOS;ENFERMERIA;	85101601_29;BANO DEL BEBE;232;500;16.00%
SERVICIOS;ENFERMERIA;	85101601_31;CIRCULANTE;580;500;16.00%
SERVICIOS;ENFERMERIA;	85101601_39;COLOCACION DE ARETES;232.01;500;16.00%
SERVICIOS;ENFERMERIA;	85101601_01;CURACION AMBULATORIA;696;500;16.00%
SERVICIOS;ENFERMERIA;	85101601_02;CURACION DE HERIDAS (FRICCION O QUEMADURA);0;500;16.00%
SERVICIOS;ENFERMERIA;	85101601_03;CURACION HOSPITALARIA;0;500;16.00%
SERVICIOS;ENFERMERIA;	85101601_33;ESTERILIZACION A GAS OXIDO DE HETILENO POR AMPULA ;11600;500;16.00%
SERVICIOS;ENFERMERIA;	85101601_32;ESTERILIZACION A VAPOR 1 KG ;696;500;16.00%
SERVICIOS;ENFERMERIA;	85101601_30;INTRUMENTISTA;580;500;16.00%
SERVICIOS;ENFERMERIA;	85101601_23;PREPARACION HOSPITALARIA;348;500;16.00%
SERVICIOS;ENFERMERIA;	85101601_22;PREPARACION QUIRURJICA;348;500;16.00%
SERVICIOS;ENFERMERIA;	85101601_06;RETIRO DE PUNTOS;348;500;16.00%
SERVICIOS;ENFERMERIA;	85101601_04;RETIRO DE SONDA ;696;500;16.00%
SERVICIOS;ENFERMERIA;	85101601_05;SUTURA DE MAX 4 PUNTOS ;928;500;16.00%
SERVICIOS;ENFERMERIA;	85101601_20;TOMAS DE DEXTROCTIS CAPILAR (TOMA DE AZUCAR EN EL DEDO);75.4;500;16.00%
SERVICIOS;ENFERMERIA;	85101601_19;TOMAS DE DEXTROCTIS CAPILAR (TOMA DE AZUCAR EN EL DEDO) AMBULATORIOS;75.4;500;16.00%
SERVICIOS;ENFERMERIA;	85101601_17;TOMAS DE SIGNOS VITALES AMBULATORIOS;75.4;500;16.00%
SERVICIOS;ENFERMERIA;	85101601_18;TOMAS DE SIGNOS VITALES HOSPITALARIOS;75.4;500;16.00%
SERVICIOS;NUTRICION;	85101601_41;DISENO DE DIETA DE EGRESO;348;500;16.00%
SERVICIOS;NUTRICION;	85101601_40;SUMINISTRO DE DIETAS Y VIGILANCIA ;406;500;16.00%
SERVICIOS;LIMPIEZA;	72101508_01;ASEO DE HABITACION DIARIO;348;500;16.00%
SERVICIOS;LIMPIEZA;	72101508_02;ASEO DE HABITACION EXHAUSTIVO;696.01;500;16.00%
SERVICIOS;LIMPIEZA;	72101508_04;ASEO DE QUIROFANO EXHAUSTIVO;1160;500;16.00%
SERVICIOS;LIMPIEZA;	72101508_03;ASEO DE QUIROFANO REGULAR;696.01;500;16.00%
SERVICIOS;HOSPITALIZACION;	85101501_04; HORA HABITACION CORTA ESTANCIA ;174;500;16.00%
SERVICIOS;HOSPITALIZACION;	85101501_03; HORA HABITACION PRIVADA ;348.01;500;16.00%
SERVICIOS;HOSPITALIZACION;	85101501_01;DIA DE HOSPITALIZACION  HABITACION PRIVADA 24 HRS;2320;500;16.00%
SERVICIOS;HOSPITALIZACION;	85101501_02;DIA DE HOSPITALIZACION CORTA ESTANCIA 24 HRS;1740;500;16.00%
SERVICIOS;URGENCIA;	85101501_05;USO DE ESTACION DE OBSERVACION;0;500;16.00%
SERVICIOS;URGENCIA;	85101501_06;USO DE SALA DE CHOQUE;0;500;16.00%
SERVICIOS;QUIROFANO;	85121600-01;ANESTESIOLOGO;3480;500;16.00%
SERVICIOS;QUIROFANO;	85121600-02;ANGEOLOGO;6960;500;16.00%
SERVICIOS;QUIROFANO;	85121600-03;ONCOLOGO;3480;500;16.00%
SERVICIOS;QUIROFANO;	85121600-05;USO DE QUIROFANO AMBULATORIO ;4060;500;16.00%
SERVICIOS;QUIROFANO;	85121600-04;USO DE QUIROFANO HASTA 2HRS;6496;500;16.00%
SERVICIOS;EQUIPO MEDICO;	42000000_02;BOMBA DE INFUSION PO HORA ;174;500;16.00%
SERVICIOS;EQUIPO MEDICO;	42000000_10;BULTO DE CIRUGIA DESECHABLE;1740;500;16.00%
SERVICIOS;EQUIPO MEDICO;	42000000_09;BULTO DE CIRUGIA ESTERIL REUTILIZABLE;1740;500;16.00%
SERVICIOS;EQUIPO MEDICO;	42000000_08;EQUIPO DE ANESTESIA (USO);2320;500;16.00%
SERVICIOS;EQUIPO MEDICO;	42000000_01;MONITOR DE SIGNOS VITALES;696;500;16.00%
SERVICIOS;EQUIPO MEDICO;42000000_11;TORRE DE LAPARO;3480;500;16.00%
SERVICIOS;EQUIPO MEDICO;	42000000_06;USO CARRO ROJO CON DESFIBRILADOR;11600;500;16.00%
SERVICIOS;EQUIPO MEDICO;	42000000_05;USO DE ASPIRADOR POR HORA ;2320;500;16.00%
SERVICIOS;EQUIPO MEDICO;	42000000_04;USO DE CUNA TERMICA POR HORA ;232;500;16.00%
SERVICIOS;EQUIPO MEDICO;	42000000_07;USO DE CUNERO POR HORA ;232;500;16.00%
SERVICIOS;EQUIPO MEDICO;	42000000_03;USO DE INCUBADORA POR HORA ;232;500;16.00%
SERVICIOS;DISPENSACION DE OXIGENO;	42271700-01;DISPENSACION DE OXIGENO HORA POR 1 LITRO X MINUTO ;58;500;16.00%
SERVICIOS;DISPENSACION DE OXIGENO;	42271700-10;DISPENSACION DE OXIGENO HORA POR 10 LITRO X MINUTO ;580;500;16.00%
SERVICIOS;DISPENSACION DE OXIGENO;	42271700-11;DISPENSACION DE OXIGENO HORA POR 11 LITRO X MINUTO ;638;500;16.00%
SERVICIOS;DISPENSACION DE OXIGENO;	42271700-12;DISPENSACION DE OXIGENO HORA POR 12 LITRO X MINUTO ;696;500;16.00%
SERVICIOS;DISPENSACION DE OXIGENO;	42271700-13;DISPENSACION DE OXIGENO HORA POR 13 LITRO X MINUTO ;754;500;16.00%
SERVICIOS;DISPENSACION DE OXIGENO;	42271700-14;DISPENSACION DE OXIGENO HORA POR 14 LITRO X MINUTO ;812;500;16.00%
SERVICIOS;DISPENSACION DE OXIGENO;	42271700-15;DISPENSACION DE OXIGENO HORA POR 15 LITRO X MINUTO ;870;500;16.00%
SERVICIOS;DISPENSACION DE OXIGENO;	42271700-02;DISPENSACION DE OXIGENO HORA POR 2 LITRO X MINUTO;116;500;16.00%
SERVICIOS;DISPENSACION DE OXIGENO;	42271700-03;DISPENSACION DE OXIGENO HORA POR 3 LITRO X MINUTO ;174;500;16.00%
SERVICIOS;DISPENSACION DE OXIGENO;	42271700-04;DISPENSACION DE OXIGENO HORA POR 4 LITRO X MINUTO ;232;500;16.00%
SERVICIOS;DISPENSACION DE OXIGENO;	42271700-05;DISPENSACION DE OXIGENO HORA POR 5 LITRO X MINUTO ;290;500;16.00%
SERVICIOS;DISPENSACION DE OXIGENO;	42271700-06;DISPENSACION DE OXIGENO HORA POR 6 LITRO X MINUTO;348;500;16.00%
SERVICIOS;DISPENSACION DE OXIGENO;	42271700-07;DISPENSACION DE OXIGENO HORA POR 7 LITRO X MINUTO ;406;500;16.00%
SERVICIOS;DISPENSACION DE OXIGENO;	42271700-08;DISPENSACION DE OXIGENO HORA POR 8 LITRO X MINUTO ;464;500;16.00%
SERVICIOS;DISPENSACION DE OXIGENO;	42271700-09;DISPENSACION DE OXIGENO HORA POR 9 LITRO X MINUTO;522;500;16.00%
SERVICIOS;GESTION;	30102206_01;CONCENTRADO DE HEMATIES SANGRE/ GESTION;9280;500;16.00%
SERVICIOS;GESTION;	30102206_03;PLAQUETAS/ GESTION;17400;500;16.00%
SERVICIOS;GESTION;	30102206_02;PLASMA/ GESTION;11600;500;16.00%
SERVICIOS;TRANSPORTE;	85101501_01;AMBULANCIA COMISION;580;500;16.00%
SERVICIOS;TRANSPORTE;	85101501_03;TRAYECTO DE AMBULANCIA;0;500;16.00%
SERVICIOS;TRANSPORTE;	85101501_02;UNIDAD DE MOVILIZACION DE SILLA DE RUEDAS;696;500;16.00%
SERVICIOS;ESTUDIOS;	85121800_02;BIOPCIA ;928;500;16.00%
SERVICIOS;ESTUDIOS;	85121800_05;PIEZA PATOLOGIA  APENDICE;1740;500;16.00%
SERVICIOS;ESTUDIOS;	85121800_06;PIEZA PATOLOGIA  PROSTATA;600;500;0%
SERVICIOS;ESTUDIOS;	85121800_03;PIEZA PATOLOGIA  RINON;580;500;16.00%
SERVICIOS;ESTUDIOS;	85121800_04;PIEZA PATOLOGIA UTERO;1740;500;16.00%
SERVICIOS;ESTUDIOS;	85121800_01;PIEZA PATOLOGICA PIEL ;1160;500;16.00%
INSUMOS;INSUMOS;	47131802-01;ACEITE MOP;232;500;16.00%
INSUMOS;MEDICAMENTOS;12162201_01;VITAMINA C;150;500;0%
INSUMOS;MEDICAMENTOS;12162201_02;VITAMINA K;80;500;0%
INSUMOS;MEDICAMENTOS;	51000000_01;VERICIGUAT COMPRIMIDO 2.5MG;15;500;0%
INSUMOS;MEDICAMENTOS;	51000000_02;VERICIGUAT COMPRIMIDO 5MG;12;500;0%
INSUMOS;MEDICAMENTOS;	51101503_01;CLORANFENICOL (Acceso) 15 ml;100;500;0%
INSUMOS;MEDICAMENTOS;	51101503_02;CLORANFENICOL 500mg;0;500;0%
INSUMOS;MEDICAMENTOS;	51101503_03;CLORFENAMINA COMPUESTA;46;500;0%
INSUMOS;MEDICAMENTOS;	51101504_03;CLINDAMICINA (Acceso) 600MG/4ML;260;500;0%
INSUMOS;MEDICAMENTOS;	51101507_02;CLARITROMICINA (Vigilancia) 250mg;440;500;0%
INSUMOS;MEDICAMENTOS;	51101511-01;AMOXICILINA (Acceso) 500mg/5ml;120;500;0%
INSUMOS;MEDICAMENTOS;	51101538-01;LEVOFLOXACINO (Vigilancia) 500MG;340;500;0%
INSUMOS;MEDICAMENTOS;	51101542_01;CIPROFLOXACINO (Vigilancia) 200 MG/100 ml;200;500;0%
INSUMOS;MEDICAMENTOS;	51101565-01;CEFOTAXIMA (Vigilancia) 1g/4ML IV;280;500;0%
INSUMOS;MEDICAMENTOS;	51101567_01;AMPICILINA (Acceso) 500mg;9;500;0%
INSUMOS;MEDICAMENTOS;	51101573-01;CEFUROXIMA (Vigilancia) 750mg;400;500;0%
INSUMOS;MEDICAMENTOS;	51101576-01;CEFALOTINA (Acceso) 5ml;140;500;0%
INSUMOS;MEDICAMENTOS;	51101584-01;GENTAMICINA (Acceso) 80mg;80;500;0%
INSUMOS;MEDICAMENTOS;	51101603_01;METRONIDAZOL (Acceso) 500MG/100 ML AMPOLLETA;290;500;0%
INSUMOS;MEDICAMENTOS;	51101603_02;METRONIDAZOL (Acceso) AMPOLLETA 10ML;140;500;0%
INSUMOS;MEDICAMENTOS;	51101603_03;METRONIDAZOL (Acceso) OVULO 500MG;47;500;0%
INSUMOS;MEDICAMENTOS;	51101603_04;METRONIDAZOL (Acceso) TABLETA 500MG;140;500;0%
INSUMOS;MEDICAMENTOS;	51101812-01;MICONAZOL 20G;140;500;0%
INSUMOS;MEDICAMENTOS;	51111522-01;CEFTRIAXONA (Vigilancia) 1g;150;500;0%
INSUMOS;MEDICAMENTOS;	51121502_01;DIGOXINA 0.25mg;980;500;0%
INSUMOS;MEDICAMENTOS;	51121502_02;DIGOXINA 2ml;83;500;0%
INSUMOS;MEDICAMENTOS;	51121511-01;AMIODARONA 150 mg;840;500;0%
INSUMOS;MEDICAMENTOS;	51121603_01;TRINITRATO DE GLICERILO AMPULA 10ML;371;500;0%
INSUMOS;MEDICAMENTOS;	51121603_02;TRINITRATO DE GLICERILO PARCHE 5MG;143;500;0%
INSUMOS;MEDICAMENTOS;	51121703-01;CAPTOPRIL 25mg;120;500;0%
INSUMOS;MEDICAMENTOS;	51121707_01;VERAPAMILO AMPOLLETA 2ML;14;500;0%
INSUMOS;MEDICAMENTOS;	51121707_02;VERAPAMILO TABLETA 80MG;140;500;0%
INSUMOS;MEDICAMENTOS;	51121708_01;METILDOPA TABLETA 250MG;1240;500;0%
INSUMOS;MEDICAMENTOS;	51121708_02;METILDOPA TABLETA 500MG;1340;500;0%
INSUMOS;MEDICAMENTOS;	51121710-01;LOSARTAN TABLETA 50MG;440;500;0%
INSUMOS;MEDICAMENTOS;	51121743_01;AMLODIPINO 10mg;2380;500;0%
INSUMOS;MEDICAMENTOS;	51121743_02;AMLODIPINO 5mg;540;500;0%
INSUMOS;MEDICAMENTOS;	51121763_01;TELMISARTAN TABLETA 40G;800;500;0%
INSUMOS;MEDICAMENTOS;	51121765-01;METOPROLOL TABLETA 100MG;120;500;0%
INSUMOS;MEDICAMENTOS;	51121904-01;NIFEDIPINO 30 MG;260;500;0%
INSUMOS;MEDICAMENTOS;	51121904-02;NIFEDIPINO CAPSULA 10MG;120;500;0%
INSUMOS;MEDICAMENTOS;	51131503-01;SULFATO FERROSO 15ML;34;500;0%
INSUMOS;MEDICAMENTOS;	51131602_01;HEPARINA 10ml;880;500;0%
INSUMOS;MEDICAMENTOS;	51131607_01;ENOXAPARINA 0.2 ml;520;500;0%
INSUMOS;MEDICAMENTOS;	51131607_02;ENOXAPARINA 40mg;750;500;0%
INSUMOS;MEDICAMENTOS;	51131607_03;ENOXAPARINA 60 mg;3020;500;0%
INSUMOS;MEDICAMENTOS;	51131904_01;PLASMA HUMANO CONGELADO 200ML SANGUINEO 0;8000;500;0%
INSUMOS;MEDICAMENTOS;	51131904_02;PLASMA HUMANO CONGELADO 200ML SANGUINEO A;8000;500;0%
INSUMOS;MEDICAMENTOS;	51131904_03;PLASMA HUMANO CONGELADO 200ML SANGUINEO AB;8000;500;0%
INSUMOS;MEDICAMENTOS;	51131904_04;PLASMA HUMANO CONGELADO 200ML SANGUINEO B;8000;500;0%
INSUMOS;MEDICAMENTOS;	51141502_01;CLONAZEPAM 1mg;380;500;0%
INSUMOS;MEDICAMENTOS;	51141502_02;CLONAZEPAM 2 mg;180;500;0%
INSUMOS;MEDICAMENTOS;	51141502_03;CLONAZEPAM 2.5 mg/ML GOTAS;280;500;0%
INSUMOS;MEDICAMENTOS;	51141525-01;FENITOINA 250mg;140;500;0%
INSUMOS;MEDICAMENTOS;	51141534_01;PREGABALINA CAPSULA 150MG;400;500;0%
INSUMOS;MEDICAMENTOS;	51141534_02;PREGABALINA CAPSULA 75MG;800;500;0%
INSUMOS;MEDICAMENTOS;	51141542_01;MIDAZOLAM AMPOLLETA 15MG;696;500;0%
INSUMOS;MEDICAMENTOS;	51141542_02;MIDAZOLAM AMPOLLETA 50MG;736;500;0%
INSUMOS;MEDICAMENTOS;	51141702_01;HALOPERIDOL 50mg;2040;500;0%
INSUMOS;MEDICAMENTOS;	51141702_02;HALOPERIDOL 5mg;272.67;500;0%
INSUMOS;MEDICAMENTOS;	51141920_01;DIAZEPAM 2 ml;72;500;0%
INSUMOS;MEDICAMENTOS;	51142001_01;LORATADINA TABLETA 10MG;80;500;0%
INSUMOS;MEDICAMENTOS;	51142001_02;PARACETAMOL AMPULA 100ML;340;500;0%
INSUMOS;MEDICAMENTOS;	51142001_03;PARACETAMOL AMPULA 50ML;260;500;0%
INSUMOS;MEDICAMENTOS;	51142002_01;ACIDO ACETILSALICILICO 100mg;120;500;0%
INSUMOS;MEDICAMENTOS;	51142002_02;ACIDO ACETILSALICILICO 500mg;40;500;0%
INSUMOS;MEDICAMENTOS;	51142100_01;DICLOFENACO 100mg;120;500;0%
INSUMOS;MEDICAMENTOS;	51142100_02;DICLOFENACO 3ml;50;500;0%
INSUMOS;MEDICAMENTOS;	51142106_01;IBUPROFENO 400mg;240;500;0%
INSUMOS;MEDICAMENTOS;	51142106_02;IBUPROFENO 600mg;14;500;0%
INSUMOS;MEDICAMENTOS;	51142108-01;KETOPROFENO CAPSULA 100MG;280;500;0%
INSUMOS;MEDICAMENTOS;	51142110_01;MESALAZINA SUPOSITORIO 250MG;30;500;0%
INSUMOS;MEDICAMENTOS;	51142110_02;METFORMINA TABLETA 750MG;960;500;0%
INSUMOS;MEDICAMENTOS;	51142110_03;METFORMINA TABLETA 850MG;240;500;0%
INSUMOS;MEDICAMENTOS;	51142110_04;NAPROXENO 100ML;120;500;0%
INSUMOS;MEDICAMENTOS;	51142110_05;NAPROXENO TABLETA 250MG;140;500;0%
INSUMOS;MEDICAMENTOS;	51142123-01;KETOROLACO AMPULA DE 30MG;50;500;0%
INSUMOS;MEDICAMENTOS;	51142155-01;CLONIXINATO DE LISINA 100mg/2ML AMPULA;50;500;0%
INSUMOS;MEDICAMENTOS;	51142200-01;MORFINA AMPOLLETA 2.0ML;999;500;0%
INSUMOS;MEDICAMENTOS;	51142215_01;BUPRENORFINA 0.3MG/1 ml;200;500;0%
INSUMOS;MEDICAMENTOS;	51142215_02;BUPRENORFINA PARCHE 30 mg;1885;500;0%
INSUMOS;MEDICAMENTOS;	51142219_01;FENTANILO 0.005 mg;600;500;0%
INSUMOS;MEDICAMENTOS;	51142219_02;FENTANILO 10ml;600;500;0%
INSUMOS;MEDICAMENTOS;	51142235-01;TRAMADOL AMPOLLETA 2ML;100;500;0%
INSUMOS;MEDICAMENTOS;	51142302-01;NALOXONA AMPOLLETA 1ML;960;500;0%
INSUMOS;MEDICAMENTOS;	51142304-01;NALBUFINA AMPOLLETA 1ML;164;500;0%
INSUMOS;MEDICAMENTOS;	51142403_01;ERGOMETRINA 1ml;30.8;500;0%
INSUMOS;MEDICAMENTOS;	51142403_01;ETAMCILATO;284;500;0%
INSUMOS;MEDICAMENTOS;	51142403_02;ROPIVACAINA AMPOLLETA 150MG;750;500;0%
INSUMOS;MEDICAMENTOS;	51142403_03;ROPIVACAINA AMPOLLETA 40MG;440;500;0%
INSUMOS;MEDICAMENTOS;	51142904_01;LIDOCAINA 100ML ATOMIZADOR MANUAL;1220;500;0%
INSUMOS;MEDICAMENTOS;	51142904_02;LIDOCAINA AL 1% 50ML;160;500;0%
INSUMOS;MEDICAMENTOS;	51142904_03;LIDOCAINA AL 2% 50ML;240;500;0%
INSUMOS;MEDICAMENTOS;	51142904_04;LIDOCAINA AMPOLLETA 2 ML;40;500;0%
INSUMOS;MEDICAMENTOS;	51142904_05;LIDOCAÍNA EPINEFRINA AMPULA 50ML ;220;500;0%
INSUMOS;MEDICAMENTOS;	51142905-01;BUPIVACAINA PESADA 5MG/1 ML;90;500;0%
INSUMOS;MEDICAMENTOS;	51142927-01;DESFLURANO 240ml;6900;500;0%
INSUMOS;MEDICAMENTOS;	51142941-01;PROPOFOL AMPULA 20ML;250;500;0%
INSUMOS;MEDICAMENTOS;	51142942-01;SEVOFLURANO 250ML;5000;500;0%
INSUMOS;MEDICAMENTOS;	51151513-01;NEOSTIGMINA AMPOLLETA 0.5MG;97;500;0%
INSUMOS;MEDICAMENTOS;	51151616-01;ATROPINA 1mg;50;500;0%
INSUMOS;MEDICAMENTOS;	51151701_01;SALBUTAMOL INHALADOR 100 ug.;350;500;0%
INSUMOS;MEDICAMENTOS;	51151701_02;SALBUTAMOL NEBULIZADOR 10ML;350;500;0%
INSUMOS;MEDICAMENTOS;	51151727-01;NOREPINEFRINA AMPOLLETA DE 4ML;280;500;0%
INSUMOS;MEDICAMENTOS;	51151732_01;DOBUTAMINA 20ml;800;500;0%
INSUMOS;MEDICAMENTOS;	51151732_02;DOBUTAMINA 5ml;608;500;0%
INSUMOS;MEDICAMENTOS;	51151737-01;DOPAMINA 5ml;92;500;0%
INSUMOS;MEDICAMENTOS;	51151741-01;EFEDRINA 2ml;112;500;0%
INSUMOS;MEDICAMENTOS;	51152003-01;ROCURONIO BROMURO DE AMPULA 5ML ;667;500;0%
INSUMOS;MEDICAMENTOS;	51152004_01;VECURONIO AMPOLLETA 4MG/1ml;150;500;0%
INSUMOS;MEDICAMENTOS;	51161703_01;BUDESONIDA 0.250MG/2ml ;88;500;0%
INSUMOS;MEDICAMENTOS;	51171054_01;BICARBONATO DE SODIO .75 g;60;500;0%
INSUMOS;MEDICAMENTOS;	51171508_01;ALUMINIO Y MAGNESIO 100ml;180;500;0%
INSUMOS;MEDICAMENTOS;	51171605_01;LACTULOSA-LACTULOSA 120ML;200;500;0%
INSUMOS;MEDICAMENTOS;	51171605_02;LACTULOSA-LACTULOSA 240ML;740;500;0%
INSUMOS;MEDICAMENTOS;	51171606-01;MAGNESIO SULFATO DE AMPOLLETA 10ML;40;500;0%
INSUMOS;MEDICAMENTOS;	51171628-01;FOSFATO DE POTASIO 10ml;1200;500;0%
INSUMOS;MEDICAMENTOS;	51171702-01;LOPERAMIDA TABLETAS 2MG;60;500;0%
INSUMOS;MEDICAMENTOS;	51171806_01;METOCLOPRAMIDA AMPOLLETA 2ML;60;500;0%
INSUMOS;MEDICAMENTOS;	51171806_02;METOCLOPRAMIDA TABLETA 10MG;100;500;0%
INSUMOS;MEDICAMENTOS;	51171808_01;DIFENIDOL 25mg;100;500;0%
INSUMOS;MEDICAMENTOS;	51171808_02;DIFENIDOL 40mg;50;500;0%
INSUMOS;MEDICAMENTOS;	51171816-01;ONDANSETRON AMPOLLETA 4ML;120;500;0%
INSUMOS;MEDICAMENTOS;	51171908 -01;MISOPROSTOL TABLETA 200 Ug;1620;500;0%
INSUMOS;MEDICAMENTOS;	51172003_01;ACIDO URSODEOXICOLICO 250mg;800;500;0%
INSUMOS;MEDICAMENTOS;	51172107_01;BUTILHIOSCINA O HIOSCINA 10mg;80;500;0%
INSUMOS;MEDICAMENTOS;	51172107_02;BUTILHIOSCINA O HIOSCINA 20 mg;50;500;0%
INSUMOS;MEDICAMENTOS;	51181500_01;CARBETOCINA 100 ug.;1840;500;0%
INSUMOS;MEDICAMENTOS;	51181506_01;INSULINA GLARGINA 10ml;800;500;0%
INSUMOS;MEDICAMENTOS;	51181517_01;FITOMENADIONA 10 mg;104;500;0%
INSUMOS;MEDICAMENTOS;	51181701_01;BETAMETASONA 4mg;200;500;0%
INSUMOS;MEDICAMENTOS;	51181701_02;BETAMETASONA 8mg;740;500;0%
INSUMOS;MEDICAMENTOS;	51181706_01;HIDROCORTISONA 15g;150;500;0%
INSUMOS;MEDICAMENTOS;	51181706_02;HIDROCORTISONA 2ml;3300;500;0%
INSUMOS;MEDICAMENTOS;	51181706_03;HIDROCORTISONA 500mg;280;500;0%
INSUMOS;MEDICAMENTOS;	51181708_02;PREDNISONA TABLETA 20MG;597;500;0%
INSUMOS;MEDICAMENTOS;	51181728-01;METILPREDNISOLONA AMPULA 2ML;80;500;0%
INSUMOS;MEDICAMENTOS;	51181752_01;BECLOMETASONA DIPROPIONATO DE 50;200;500;0%
INSUMOS;MEDICAMENTOS;	51181752_02;BECLOMETASONA DIPROPIONATO DE 250;200;500;0%
INSUMOS;MEDICAMENTOS;	51182203-01;OXITOCINA AMPOLLETA 1ML;18;500;0%
INSUMOS;MEDICAMENTOS;	51182403_01;GLUCONATO DE CALCIO 10ml;380;500;0%
INSUMOS;MEDICAMENTOS;	51191510-01;FUROSEMIDA 20 mg;80;500;0%
INSUMOS;MEDICAMENTOS;	51191517_01;ISOSORBIDA 10MG;160;500;0%
INSUMOS;MEDICAMENTOS;	51191517_02;ISOSORBIDA 20 UG;760;500;0%
INSUMOS;MEDICAMENTOS;	51191517_03;ISOSORBIDA DINITRATO DE APOLLETA DE 10ML ;182;500;0%
INSUMOS;MEDICAMENTOS;	51191517_04;ISOSORBIDA MONONITRATO DE TABLETA 40 MG ;3360;500;0%
INSUMOS;MEDICAMENTOS;	51191517_05;ISOSORBIDA DINITRATO DE 10 MG ;884;500;0%
INSUMOS;MEDICAMENTOS;	51191600_01;SOLUCION HARTMANN  100ML;100;500;0%
INSUMOS;MEDICAMENTOS;	51191600_02;SOLUCION HARTMANN 100ML;100;500;0%
INSUMOS;MEDICAMENTOS;	51191600_03;SOLUCION HARTMANN 100ML;100;500;0%
INSUMOS;MEDICAMENTOS;	51191601_01;GLUCOSA  100ml;200;500;0%
INSUMOS;MEDICAMENTOS;	51191601_02;GLUCOSA  500ml;120;500;0%
INSUMOS;MEDICAMENTOS;	51191601_03;GLUCOSA 1000 ML;180;500;0%
INSUMOS;MEDICAMENTOS;	51191601_04;GLUCOSA 250ml;80;500;0%
INSUMOS;MEDICAMENTOS;	51191601_05;GLUCOSA 5.0g;120;500;0%
INSUMOS;MEDICAMENTOS;	51191601_06;GLUCOSA 50.0g;100;500;0%
INSUMOS;MEDICAMENTOS;	51191602_01;CLORURO DE SODIO 1000ml;160;500;0%
INSUMOS;MEDICAMENTOS;	51191602_02;CLORURO DE SODIO 17.7%/10ML ;20;500;0%
INSUMOS;MEDICAMENTOS;	51191602_03;CLORURO DE POTASIO 1.49G/5ML ;36;500;0%
INSUMOS;MEDICAMENTOS;	51191605_01;AGUA INYECTABLE 10ml;20;500;0%
INSUMOS;MEDICAMENTOS;	51191605_02;AGUA INYECTABLE 500ml;100;500;0%
INSUMOS;MEDICAMENTOS;	51191605_03;AGUA INYECTABLE 5ml;20;500;0%
INSUMOS;MEDICAMENTOS;	51201624-01;Vacuna de Herpes zoster recombinante con adyuvante AS01B.;8000;500;0%
INSUMOS;MEDICAMENTOS;	51201649_01;VACUNA CONTRA EL VIRUS DEL PAPILOMA HUMANO  AMPULA 0.5ML;4000;500;0%
INSUMOS;MEDICAMENTOS;	51201649_02;VACUNA CONTRA EL VIRUS DEL PAPILOMA HUMANO  AMPULA 1ML;4000;500;0%
INSUMOS;MEDICAMENTOS;	51201649_03;VACUNA RECOMBINANTE NONAVALENTE CONTRA EL VIRUS DE PAPILOMA HUMANO 0.5ml;9000;500;0%
INSUMOS;MEDICAMENTOS;51101500_01;AMIKACINA  (Acceso) 500mg;120;500;0.00%
INSUMOS;MEDICAMENTOS;51101500_02;CISATRACURIO BESILATO DE 2MG/ML;840;500;0.00%
INSUMOS;MEDICAMENTOS;51101500_03;HIDRALAZINA 10mg;80;500;0%
INSUMOS;MEDICAMENTOS;51101500_04;PALIPERIDONA MICROJERINGA 0.75 ML;14366;500;0%
INSUMOS;MEDICAMENTOS;51101500_05;PALIPERIDONA MICROJERINGA 1.0ML;14380;500;0%
INSUMOS;MEDICAMENTOS;51101567_02;IMIPENEM Y CILASTATINA (Vigilancia) ampula;1400;500;0%
INSUMOS;MEDICAMENTOS;51101611_01;MEROPENEM (Vigilancia) AMPULA 500MG;1200;500;0%
INSUMOS;MEDICAMENTOS;51121511-02;AMIODARONA 200 mg;920;500;0%
INSUMOS;MEDICAMENTOS;51131607_04;ENOXAPARINA SODICA 80mg;3000;500;0%
INSUMOS;MEDICAMENTOS;51131905_01;HIERRO DEXTRAN 2ml;60;500;0%
INSUMOS;MEDICAMENTOS;51131909_01;SEROALBUMINA HUMANA O ALBUMINA HUMANA AMPOLLETA 12.5G;4200;500;0%
INSUMOS;MEDICAMENTOS;51141542_03;MIDAZOLAM AMPOLLETA 5MG;200;500;0%
INSUMOS;MEDICAMENTOS;51142001_04;PARACETAMOL TABLETA 500MG;200;500;0%
INSUMOS;MEDICAMENTOS;51142009_01;BUTILHIOSCINA-METAMIZOL 250 mg;140;500;0%
INSUMOS;MEDICAMENTOS;51142009_02;METAMIZOL SODICO AMPOLLETAS 2ML;50;500;0%
INSUMOS;MEDICAMENTOS;51142009_03;METAMIZOL SODICO COMPRIMIDOS 500MG;80;500;0%
INSUMOS;MEDICAMENTOS;51142942-02;SEVORANE 80ml;2678;500;0%
INSUMOS;MEDICAMENTOS;51152004_02;AMINOFILINA 250mg;160;500;0%
INSUMOS;MEDICAMENTOS;51161625-01;DYNASTAT;1658;500;0%
INSUMOS;MEDICAMENTOS;51161705_01;IPRATROPIO 10ML;3420;500;0%
INSUMOS;MEDICAMENTOS;51161705_02;IPRATROPIO 20ML;2200;500;0%
INSUMOS;MEDICAMENTOS;51161705_03;IPRATROPIO-SALBUTAMOL 2.5MG;30;500;0%
INSUMOS;MEDICAMENTOS;51171054_02;BROMURO DE IPRATROPIO/SALBUTAMOL 0.5 MG/2.5 MG;136;500;0%
INSUMOS;MEDICAMENTOS;51171054_03;BROMURO DE VECURIONO;45;500;0%
INSUMOS;MEDICAMENTOS;51171909-01;OMEPRAZOL;150;500;0%
INSUMOS;MEDICAMENTOS;51172003_02;ACIDO URSODEOXICOLICO 500mg;45;500;0%
INSUMOS;MEDICAMENTOS;51172107-03;HIOSCINA;50;500;0%
INSUMOS;MEDICAMENTOS;51172109-01;TRIMEBUTINA;336;500;0%
INSUMOS;MEDICAMENTOS;51181506_02;INSULINA HUMANA 10ml;280;500;0%
INSUMOS;MEDICAMENTOS;51181506_03;INSULINA HUMANA RAPIDA REGULAR 10ml;400;500;0%
INSUMOS;MEDICAMENTOS;51181704_01;DEXAMETASONA SOLUCION INYECTABLE DE 8MG/2ML ;50;500;0%
INSUMOS;MEDICAMENTOS;51181704_02;DEXAMETASONA 0.5 mg;180;500;0%
INSUMOS;MEDICAMENTOS;51181704_03;DEXAMETASONA 4 mg;71;500;0%
INSUMOS;MEDICAMENTOS;51181704_04;DEXKETOPROFENO 50MG/2ML ;373.33;500;0%
INSUMOS;MEDICAMENTOS;51191905-01;MULTIVITAMINICO MVI;250;500;0%
INSUMOS;INSUMOS;	51191605-01;AGUA ESTERIL PARA USO INYECTABLE 1000 ;139.2;500;0%
INSUMOS;INSUMOS;	51191605-02;AGUA ESTERIL PARA USO INYECTABLE 500;93;500;0%
INSUMOS;INSUMOS;	51102709-01;AGUA OXIGENADA 1;93;500;16.00%
INSUMOS;INSUMOS;	51102709-02;AGUA OXIGENADA 100 ML ;40.6;500;16.00%
INSUMOS;INSUMOS;	42142502-01;AGUJA  RAQUIANESTESIA TIPO: WHITACRE. CAL: 25 CORTO;452.4;500;16.00%
INSUMOS;INSUMOS;	42142503-01;AGUJA HIPODERMICA 21G (VERDE);6;500;16.00%
INSUMOS;INSUMOS;	42142503-02;AGUJA HIPODERMICA 27 GX1/2 (INSULINA);6;500;16.00%
INSUMOS;INSUMOS;	42142503-06;AGUJA HIPODERMICA. CALIBRE: 25 G. ;6;500;16.00%
INSUMOS;INSUMOS;	42142503-03;AGUJA HIPODERMICA.CALIBRE: 18 G. (ROSA);6;500;16.00%
INSUMOS;INSUMOS;	42142503-04;AGUJA HIPODERMICA.CALIBRE: 20 G. (AMARILLA);6;500;16.00%
INSUMOS;INSUMOS;	42142503-05;AGUJA HIPODERMICA.CALIBRE: 22 G. (NEGRA);6;500;16.00%
INSUMOS;INSUMOS;	42142502-05;AGUJA RAQUIANESTESIA TIPO:WHITACRE. CAL 22 LARGO;452.4;500;16.00%
INSUMOS;INSUMOS;	42142502-02;AGUJA RAQUIANESTESIA TIPO:WHITACRE. CAL 25 LARGO;452.4;500;16.00%
INSUMOS;INSUMOS;	42142502-03;AGUJA RAQUIANESTESIA TIPO:WHITACRE. CAL:27 CORTO;452.4;500;16.00%
INSUMOS;INSUMOS;	42142502-04;AGUJA RAQUIANESTESIA TIPO:WHITACRE. CAL:27 LARGO;452.4;500;16.00%
INSUMOS;INSUMOS;	15101511-01;ALCOHOL ETILICO 100 ML;40.6;500;16.00%
INSUMOS;INSUMOS;	11121802-01;ALGODON PLISADO;290;500;16.00%
INSUMOS;INSUMOS;	42141501-01;ALGODON TORUNDA ;208.8;500;16.00%
INSUMOS;INSUMOS;	51102700-01;ANTISEPTICOS ALKACEPTIC 1 LT;464;500;16.00%
INSUMOS;INSUMOS;	51102710-01;ANTISEPTICOS. ALCOHOL DESNATURALIZADO. ;1392;500;16.00%
INSUMOS;INSUMOS;	42311500-01;APOSITOS;17.4;500;16.00%
INSUMOS;INSUMOS;	42311500-01;ARMONICO;3750;500;16.00%
INSUMOS;INSUMOS;42222308-01;BOLSA ENDO;450;500;16.00%
INSUMOS;INSUMOS;	42141902-01;BOLSA PARA ENEMA TUBO PRELUBRICADO SOBRE CON JABO Y PAï¿½O ;232;500;16.00%
INSUMOS;INSUMOS;	41104105-01;BOLSA PARA EUROCULTIVO PEDIATRICA ;58;500;16.00%
INSUMOS;INSUMOS;	42312108-01;BOLSA PARA ILEOSTOMIA O COLOSTOMIA TAMANO ADULTO. ;232;500;16.00%
INSUMOS;INSUMOS;	42142704-01;BOLSA PARA RECOLECCION DE ORINA.CAPACIDAD: 2000 ml.;522;500;16.00%
INSUMOS;INSUMOS;	24111503-01;BOLSA RPBI AMARILLA;11.6;500;16.00%
INSUMOS;INSUMOS;	24111503-02;BOLSA RPBI ROJA;11.6;500;16.00%
INSUMOS;INSUMOS;	42271913-01;CANULA OROFARINGEA TIPO: GUEDEL/BERMAN. TAMANO: 2;75.4;500;16.00%
INSUMOS;INSUMOS;	42271913-02;CANULA OROFARINGEA TIPO: GUEDEL/BERMAN. TAMANO: 3 ;75.4;500;16.00%
INSUMOS;INSUMOS;	42271913-03;CANULA OROFARINGEA TIPO: GUEDEL/BERMAN. TAMANO: 4 ;75.4;500;16.00%
INSUMOS;INSUMOS;	42271913-04;CANULA OROFARINGEATIPO: GUEDEL/BERMAN. TAMANO: 5 ;75.4;500;16.00%
INSUMOS;INSUMOS;	43211617-01;CARGADORES TIPO C ;116;500;16.00%
INSUMOS;INSUMOS;	42221503-01;CATETER 3 VIAS  OCTOPUS ;139.2;500;16.00%
INSUMOS;INSUMOS;	42221503-02;"CATETER I.V. CALIBRE: 14 G X2""    ";46.4;500;16.00%
INSUMOS;INSUMOS;	42221503-03;"CATETER I.V. CALIBRE: 16 G X2""    (GRIS)";46.4;500;16.00%
INSUMOS;INSUMOS;	42221503-04;"CATETER I.V. CALIBRE: 17 G X1 1/2"" (ROJO)";46.4;500;16.00%
INSUMOS;INSUMOS;	42221503-05;"CATETER I.V. CALIBRE: 19 G X3/4"" ";46.4;500;16.00%
INSUMOS;INSUMOS;	42221503-06;"CATETER I.V. CALIBRE: 22 G X1""   (AZUL)";46.4;500;16.00%
INSUMOS;INSUMOS;	42311702-01;CATETER UMBILICAL ;2088;500;16.00%
INSUMOS;INSUMOS;	42221500-01;CATETERES POLITETRAFLUORETILENO I.V. CALIBRE: 18 G.  (VERDE);34.8;500;16.00%
INSUMOS;INSUMOS;	42221500-02;CATETERES POLITETRAFLUORETILENO I.V. CALIBRE: 20 G. (ROSA);34.8;500;16.00%
INSUMOS;INSUMOS;	42221500-03;CATETERES POLITETRAFLUORETILENO I.V. CALIBRE: 24 G. (AMARILLO);34.8;500;16.00%
INSUMOS;INSUMOS;	42294907-01;CEPILLO CERVICAL CITOLOGICO ESTERIL;58;500;16.00%
INSUMOS;INSUMOS;	42295413-01;CEPILLO PARA USO QUIRURGICO CON GLUCONATO DE CLORHEXIDINA AL 4%;58;500;16.00%
INSUMOS;INSUMOS;	42295413-02;CEPILLOS SERDAS PARA QX ;58;500;16.00%
INSUMOS;INSUMOS;	31201500-01;CINTA ADHESIVA TRANSPORE 1.25 CM;58;500;16.00%
INSUMOS;INSUMOS;	31201500-02;CINTA ADHESIVA TRANSPORE 2.5 CM;58;500;16.00%
INSUMOS;INSUMOS;	31201500-03;CINTA ADHESIVA TRANSPORE 5 CM;58;500;16.00%
INSUMOS;INSUMOS;	31201500-04;CINTA ADHESIVA TRANSPORE 7.5 CM;58;500;16.00%
INSUMOS;INSUMOS;	42281508-01;CINTA PARA ESTERILIZACION EN VAPOR A PRESION. ;174;500;16.00%
INSUMOS;INSUMOS;	31201500-05;CINTA TESTIGO ;174;500;16.00%
INSUMOS;INSUMOS;	31201500-06;CINTA. MICROPOROSA.  DE COLOR BLANCO.  ANCHO: 1.25 cm. ;58;500;16.00%
INSUMOS;INSUMOS;	31201500-07;CINTA. MICROPOROSA. DE COLOR BLANCO.  ANCHO: 2.50 cm.;58;500;16.00%
INSUMOS;INSUMOS;	31201500-08;CINTA. MICROPOROSA. DE COLOR BLANCO. ANCHO: 5.00 cm. ;58;500;16.00%
INSUMOS;INSUMOS;	31201500-09;CINTA. MICROPOROSA. DE COLOR BLANCO. ANCHO: 7.5 cm. ;58;500;16.00%
INSUMOS;INSUMOS;	31201500-10;CINTA. MICROPOROSA. DE COLOR PIEL. ANCHO: 1.25 cm. ;58;500;16.00%
INSUMOS;INSUMOS;	31201500-11;CINTAS UMBILICALES. DE ALGODON. ANCHO: 4 mm.;23.2;500;16.00%
INSUMOS;INSUMOS;	42161509-01;COLA DE COCHINO EQUIPO PARA DIALISIS PERITONEALCON DOS COJINETES;3480;500;16.00%
INSUMOS;INSUMOS;42161509-02;COLA DE RATON ;45;500;16.00%
INSUMOS;INSUMOS;	42311505-01;COMPRESAS DE ESPONJEAR  ESTERILES TRAMA PQT CON 5 PZA;324.8;500;16.00%
INSUMOS;INSUMOS;	42311505-02;COMPRESAS DE ESPONJEAR NO ESTERILES  PQT CON 5 PZA;279;500;16.00%
INSUMOS;INSUMOS;	39121409-01;CONECTOR DELGADO TIPO SIMS ;52.2;500;16.00%
INSUMOS;INSUMOS;	39121409-02;CONECTOR GRUESO TIPO SIMS ;52.2;500;16.00%
INSUMOS;INSUMOS;	42131606-01;CUBREBOCA DE TRES CAPAS;11.6;500;16.00%
INSUMOS;INSUMOS;	42131606-02;CUBREBOCA MASCARAS PROTECTORAS KN95;23.2;500;16.00%
INSUMOS;INSUMOS;	42141802-01;ELETRODOS ADULTO ;17.4;500;16.00%
INSUMOS;INSUMOS;	42181707-01;ELETRODOS PEDIATRICO;17.4;500;16.00%
INSUMOS;INSUMOS;	42272500-01;EQUIPO PARA ANESTESIA EPIDURAL  DURAL 111;580;500;16.00%
INSUMOS;INSUMOS;	42272500-02;EQUIPO PARA ANESTESIA GENERAL. CIRUITO DEANESTECIA CON MASCARILLA ;580;500;16.00%
INSUMOS;INSUMOS;	42272500-03;EQUIPO PARA ANESTESIA MIXTA EPIDURAL/SUBDURAL   RAQUIMIX 111;928;500;16.00%
INSUMOS;INSUMOS;	42293505-01;EQUIPO PARA DRENAJE POR ASPIRACION PARA USO POSTQUIRURGICO. 1/4;452.4;500;16.00%
INSUMOS;INSUMOS;	42293505-02;EQUIPO PARA DRENAJE POR ASPIRACION PARA USO POSTQUIRURGICO. 1/8;452.4;500;16.00%
INSUMOS;INSUMOS;	42222301-01;EQUIPO PARA TRANSFUSION. CON FILTRO SIN AGUJA. ;139.2;500;16.00%
INSUMOS;INSUMOS;	42221505-01;EQUIPO PARA VENOCLISIS MARIPOSA  PEDIATRICO ;58;500;16.00%
INSUMOS;INSUMOS;	42221505-02;EQUIPO PARA VENOCLISIS. SIN AGUJA.  MICROGOTERO ;58;500;16.00%
INSUMOS;INSUMOS;	42221505-03;EQUIPO PARA VENOCLISIS. SIN AGUJA.  NORMOGOTERO;58;500;16.00%
INSUMOS;INSUMOS;	56101544-01;ESPEJO VAGINAM M;174;500;16.00%
INSUMOS;INSUMOS;	42271715-01;EXTENCION PARA OXIGENO 5 MTR;75.4;500;16.00%
INSUMOS;INSUMOS;	51102708-01;FORMOL 1 LITRO;174;500;16.00%
INSUMOS;INSUMOS;	42311511-01;GASAS NO ESTERIL 10X10 PQT 200PZ;174;500;16.00%
INSUMOS;INSUMOS;	42311511-02;GASAS NO ESTERIL 7X5 PQT DE 5 PIEZAS ;17.4;500;16.00%
INSUMOS;INSUMOS;	42311511-03;GASAS SIMPLES ESTERIL PQT DE 5 PIEZAS;29;500;16.00%
INSUMOS;INSUMOS;	42311511-04;GASAS TRAMA ESTERIL PQT DE 5 PIEZAS ;29;500;16.00%
INSUMOS;INSUMOS;	42311511-05;GASAS TRAMA NO ESTERIL PQTS DE 200 PZAS;290;500;16.00%
INSUMOS;INSUMOS;	42311512-01;GELFOAM HEMOSTATICO;174;500;16.00%
INSUMOS;INSUMOS;	42131611-01;GORRO PARA CIRUJANO/ENFERMERA;11.6;500;16.00%
INSUMOS;INSUMOS;	46181504-01;GUANTES DE LATEX TALLA MEDIANA;11.6;500;16.00%
INSUMOS;INSUMOS;	46181504-02;GUANTES DE NITRILO MEDIANO;11.6;500;16.00%
INSUMOS;INSUMOS;	46181504-03;GUANTES PARA CIRUGIA.  TALLA: 6 ;41;500;16.00%
INSUMOS;INSUMOS;	46181504-04;GUANTES PARA CIRUGIA.  TALLA: 6 1/2;41;500;16.00%
INSUMOS;INSUMOS;	46181504-05;GUANTES PARA CIRUGIA.  TALLA: 8;41;500;16.00%
INSUMOS;INSUMOS;	46181504-06;GUANTES PARA CIRUGIA.  TALLA: 81/2;41;500;16.00%
INSUMOS;INSUMOS;	46181504-07;GUANTES PARA CIRUGIA. TALLA: 7;41;500;16.00%
INSUMOS;INSUMOS;	46181504-08;GUANTES PARA CIRUGIA. TALLA: 7 1/2;41;500;16.00%
INSUMOS;INSUMOS;	46181504-09;GUANTES. PARA EXPLORACION MEDIANO. BOLSA ESTERIL;17.4;500;16.00%
INSUMOS;INSUMOS;	42295136-01;HOJAS PARA BISTURI  NUMERO: 10;17.4;500;16.00%
INSUMOS;INSUMOS;	42295136-02;HOJAS PARA BISTURI  NUMERO: 15. ;17.4;500;16.00%
INSUMOS;INSUMOS;	42295136-03;HOJAS PARA BISTURI  NUMERO: 23;17.4;500;16.00%
INSUMOS;INSUMOS;	42295136-04;HOJAS PARA BISTURI NUMERO: 11.;17.4;500;16.00%
INSUMOS;INSUMOS;	42295136-05;HOJAS PARA BISTURI NUMERO: 14.;17.4;500;16.00%
INSUMOS;INSUMOS;	42295136-06;HOJAS PARA BISTURI NUMERO: 20. ;17.4;500;16.00%
INSUMOS;INSUMOS;	42295136-07;HOJAS PARA BISTURI NUMERO: 22. ;17.4;500;16.00%
INSUMOS;INSUMOS;	42295136-08;HOJAS PARA BISTURI NUMERO:21;17.4;500;16.00%
INSUMOS;INSUMOS;	42281800-01;INDICADOR QUIMICO DE ESTERILIZACION 11X12;928;500;16.00%
INSUMOS;INSUMOS;	42281800-02;INDICADOR QUIMICO DE ESTERILIZACION CFQ232  CAJA CON 250;928;500;16.00%
INSUMOS;INSUMOS;	51102722-01;ISODINE ESPUMA;638;500;16.00%
INSUMOS;INSUMOS;	51102722-02;ISODINE SOLUCION;1102;500;16.00%
INSUMOS;INSUMOS;	42281704-01;JABON QUIRURGUCO;348;500;16.00%
INSUMOS;INSUMOS;	15121500-01;JALEA LUBRICANTE. ASEPTICA.  LUBRICAINA;81.2;500;16.00%
INSUMOS;INSUMOS;	42142608-01;JERINGA DE PLASTICO 10 MIL SIN AGUJA ;17.4;500;16.00%
INSUMOS;INSUMOS;	42142608-02;JERINGA DE PLASTICO 10 ML CON AGUJA;17.4;500;16.00%
INSUMOS;INSUMOS;	42142608-03;JERINGA DE PLASTICO 20 ML CON AGUJA;35;500;16.00%
INSUMOS;INSUMOS;	42142608-04;JERINGA DE PLASTICO 20 ML SIN AGUJA;35;500;16.00%
INSUMOS;INSUMOS;	42142608-05;JERINGA DE PLASTICO 3 MIL SIN AGUJA ;17.4;500;16.00%
INSUMOS;INSUMOS;	42142608-06;JERINGA DE PLASTICO 5 ML CON AGUJA;17.4;500;16.00%
INSUMOS;INSUMOS;	42142608-07;JERINGA DE PLASTICO 50 ML SIN AGUJA;46.4;500;16.00%
INSUMOS;INSUMOS;	42142608-08;JERINGA DE PLASTICO. 3 MIL CON AGUJA ;17.4;500;16.00%
INSUMOS;INSUMOS;	42142608-09;JERINGA DE PLASTICO. 5 MIL SIN AGUJA ;17.4;500;16.00%
INSUMOS;INSUMOS;	42142608-10;JERINGA PARA INSULINA. CAPACIDAD DE 1 ml.;17.4;500;16.00%
INSUMOS;INSUMOS;	42295104-01;LAPIZ DE ELECTROCAUTERIO;174;500;16.00%
INSUMOS;INSUMOS;	42152608-01;LIGADURA;52.2;500;16.00%
INSUMOS;INSUMOS;	42161501-01;LINEA PARA DIALISIS PERITONEAL CORTA DE LARGA VIDA ;290;500;16.00%
INSUMOS;INSUMOS;	42295104-02;LLAVE DE CUATRO VIAS ;81.2;500;16.00%
INSUMOS;INSUMOS;	42295104-03;LLAVE DE TRES VIAS CON EXTENCION;52.2;500;16.00%
INSUMOS;INSUMOS;	42295104-04;LLAVE DE TRES VIAS SIN EXTENCION ;52.2;500;16.00%
INSUMOS;INSUMOS;	42271708-01;MASCARILLA LARINGEA 3;522;500;16.00%
INSUMOS;INSUMOS;	42271708-02;MASCARILLA LARINGEA 4;522;500;16.00%
INSUMOS;INSUMOS;	42271708-03;MASCARILLA LARINGEA 5;52.2;500;16.00%
INSUMOS;INSUMOS;	42271708-04;MASCARILLA MICRONEBULIZADOR ADULTO;139.2;500;16.00%
INSUMOS;INSUMOS;	42271708-05;MASCARILLA MICRONEBULIZADOR PEDIATRICO;139.2;500;16.00%
INSUMOS;INSUMOS;	42271708-06;MASCARILLA PARA OXIGENO CON EXTENCION ;92.8;500;16.00%
INSUMOS;INSUMOS;	42271708-07;MASCARILLA PARA OXIGENO CON RESERVORIO;174;500;16.00%
INSUMOS;INSUMOS;	46181535-01;MEDIAS ANTIEMBOLICAS HASTA EL MUSLO T.E.D. AMARILLA CHICA;290;500;16.00%
INSUMOS;INSUMOS;	46181535-02;MEDIAS ANTIEMBOLICAS HASTA EL MUSLO T.E.D. AZUL GRANDE;290;500;16.00%
INSUMOS;INSUMOS;	46181535-03;MEDIAS ANTIEMBOLICAS HASTA EL MUSLO T.E.D. GRIS MEDIANA ;290;500;16.00%
INSUMOS;INSUMOS;	42311511-06;NEURO SPONGE GASAS NEURO ;928;500;16.00%
INSUMOS;INSUMOS;	53102305-01;PANALES;29;500;16.00%
INSUMOS;INSUMOS;42322206-01;PAQUETE DE GRAPAS;406;500;16.00%
INSUMOS;INSUMOS;51121603-03;PARCHES DE NITROGLICERINA ;1087;500;16.00%
INSUMOS;INSUMOS;	42295123-01;PERILLA PARA ASPIRASION ;40.6;500;16.00%
INSUMOS;INSUMOS;	26111702-01;PILA AA ;34.8;500;16.00%
INSUMOS;INSUMOS;	26111702-02;PILA AAA;34.8;500;16.00%
INSUMOS;INSUMOS;	42291609-01;PINZA CLAM ;58;500;16.00%
INSUMOS;INSUMOS;	42295143-01;PLACAS DE CAUTERIO ADULTO;58;500;16.00%
INSUMOS;INSUMOS;	53131613-01;PROTECTOR DE PIEL TINTURA DE BENJUI AL 20% 1 L;406;500;16.00%
INSUMOS;INSUMOS;	42271709-01;PUNTAS NASALES ADULTO;69;500;16.00%
INSUMOS;INSUMOS;	42271709-02;PUNTAS NASALES PEDIATRICAS;69;500;16.00%
INSUMOS;INSUMOS;	42272500-04;QUINCKE #22C SPINOCAN;336.4;500;16.00%
INSUMOS;INSUMOS;	42272500-05;QUINCKE #25C SPINOCAN;336.4;500;16.00%
INSUMOS;INSUMOS;	42272500-06;QUINCKE #26C SPINOCAN;336.4;500;16.00%
INSUMOS;INSUMOS;	42272500-07;QUINCKE #27C SPINOCAN;336.4;500;16.00%
INSUMOS;INSUMOS;	27112003-01;RASTRILLOS;17.4;500;16.00%
INSUMOS;INSUMOS;	42311605-01;SATIN HEMOSTATICO ABSORBIBLE.;174;500;16.00%
INSUMOS;INSUMOS;	53131628-01;SHAMPOO ;8.12;500;16.00%
INSUMOS;INSUMOS;	53131628-02;SOBRES DE SHAMPOO PARA BANO;17.4;500;16.00%
INSUMOS;INSUMOS;	42312313-01;SOLUCION ANTICEPTICA ANTIBENZAL;116;500;16.00%
INSUMOS;INSUMOS;	42312313-02;SOLUCION CLORURO DE DE SODIO 0.9%  100 ML (FISIOLOGICA O SALINA);81.2;500;16.00%
INSUMOS;INSUMOS;	42312313-03;SOLUCION CLORURO DE DE SODIO 0.9%  250ML (FISIOLOGICA O SALINA);81.2;500;16.00%
INSUMOS;INSUMOS;	42312313-04;SOLUCION CLORURO DE DE SODIO 0.9%  50 ML (FISIOLOGICA O SALINA);81.2;500;16.00%
INSUMOS;INSUMOS;	42312313-05;SOLUCION CLORURO DE DE SODIO 0.9% 1000ML (FISIOLOGICA O SALINA);139.2;500;16.00%
INSUMOS;INSUMOS;	42312313-06;SOLUCION CLORURO DE DE SODIO 0.9% 500ML (FISIOLOGICA O SALINA);81.2;500;16.00%
INSUMOS;INSUMOS;	42312313-07;SOLUCION CLORURO DE SODIO 0.9% + GLUCOSA AL 5% 1000 ML (MIXTA);139.2;500;16.00%
INSUMOS;INSUMOS;	42312313-08;SOLUCION CLORURO DE SODIO 0.9% + GLUCOSA AL 5% 250 ML (MIXTA);81.2;500;16.00%
INSUMOS;INSUMOS;	42312313-09;SOLUCION CLORURO DE SODIO 0.9% + GLUCOSA AL 5% 500 ML (MIXTA);81.2;500;16.00%
INSUMOS;INSUMOS;	42312313-10;SOLUCION GLUCOSA 10% 1000 ML;174;500;16.00%
INSUMOS;INSUMOS;	42312313-11;SOLUCION GLUCOSA 5% 250ML;139.2;500;16.00%
INSUMOS;INSUMOS;	42312313-12;SOLUCION GLUCOSA 5% 500ML;150;500;16.00%
INSUMOS;INSUMOS;	42312313-13;SOLUCION GLUCOSA 5%1000ML ;174;500;16.00%
INSUMOS;INSUMOS;	42312313-14;SOLUCION HARTMANN DE 1000ML;139.2;500;16.00%
INSUMOS;INSUMOS;	42312313-15;SOLUCION HARTMANN DE 250 ML;81.2;500;16.00%
INSUMOS;INSUMOS;	42312313-16;SOLUCION HARTMANN DE 500 ML;81.2;500;16.00%
INSUMOS;INSUMOS;	42293505-03;SONDA  PARA ASPIRAR SECRECIONES. CALIBRE: 10 Fr ;52.2;500;16.00%
INSUMOS;INSUMOS;	42293505-04;SONDA  PARA ASPIRAR SECRECIONES. CALIBRE: 12 Fr ;52.2;500;16.00%
INSUMOS;INSUMOS;	42293505-05;SONDA  PARA ASPIRAR SECRECIONES. CALIBRE: 14 Fr ;52.2;500;16.00%
INSUMOS;INSUMOS;	42293505-06;SONDA  PARA ASPIRAR SECRECIONES. CALIBRE: 16 Fr ;52.2;500;16.00%
INSUMOS;INSUMOS;	42293505-07;SONDA  PARA ASPIRAR SECRECIONES. CALIBRE: 18 Fr ;52.2;500;16.00%
INSUMOS;INSUMOS;	42142702-01;SONDA  URETRAL  TIPO: FOLEY-OWEN ( DE 2 VIAS). CALIBRE: 12 Fr;174;500;16.00%
INSUMOS;INSUMOS;	42142702-02;SONDA  URETRAL  TIPO: FOLEY-OWEN ( DE 2 VIAS). CALIBRE: 18 Fr;174;500;16.00%
INSUMOS;INSUMOS;	42142702-03;SONDA  URETRAL TIPO: FOLEY-OWEN ( DE 2 VIAS). CALIBRE: 14 Fr;174;500;16.00%
INSUMOS;INSUMOS;	42142702-04;SONDA  URETRAL TIPO: FOLEY-OWEN ( DE 2 VIAS). CALIBRE: 16 Fr;174;500;16.00%
INSUMOS;INSUMOS;	42142702-05;SONDA  URETRAL TIPO: FOLEY-OWEN ( DE 2 VIAS). CALIBRE: 22 Fr;174;500;16.00%
INSUMOS;INSUMOS;	42142702-06;SONDA  URETRAL TIPO: FOLEY-OWEN ( DE 2 VIAS). CALIBRE: 24 Fr;174;500;16.00%
INSUMOS;INSUMOS;	42142702-07;SONDA  URETRAL TIPO: FOLEY-OWEN ( DE 3 VIAS). CALIBRE: 22 Fr;174;500;16.00%
INSUMOS;INSUMOS;	42231505-01;SONDA GASTROINTESTINAL MODELO LEVIN 10FR (NASOGASTRICA);75.4;500;16.00%
INSUMOS;INSUMOS;	42231505-02;SONDA GASTROINTESTINAL MODELO LEVIN 14 FR (NASOGASTRICA);75.4;500;16.00%
INSUMOS;INSUMOS;	42231505-03;SONDA GASTROINTESTINAL MODELO LEVIN 16 FR  (NASOGASTRICA);75.4;500;16.00%
INSUMOS;INSUMOS;	42231505-04;SONDA GASTROINTESTINAL MODELO LEVIN 18 FR  (NASOGASTRICA);75.4;500;16.00%
INSUMOS;INSUMOS;	42231505-05;SONDA GASTROINTESTINAL MODELO LEVIN 20 FR  (NASOGASTRICA);75.4;500;16.00%
INSUMOS;INSUMOS;	42293505-09;SONDA NELATON 12 FR;110;500;16.00%
INSUMOS;INSUMOS;	42293505-10;SONDA NELATON 14 FR;110;500;16.00%
INSUMOS;INSUMOS;	42293505-11;SONDA NELATON 16 FR;110;500;16.00%
INSUMOS;INSUMOS;	42293505-12;SONDA NELATON 18 FR;110;500;16.00%
INSUMOS;INSUMOS;	42293505-13;SONDA NELATON 22 FR;110;500;16.00%
INSUMOS;INSUMOS;	42231500-01;SONDA PARA ALIMENTACION 8 FR ;29;500;16.00%
INSUMOS;INSUMOS;	42231500-02;SONDA PARA ALIMENTACION INFANTIL CORTA  5 FR;40.6;500;16.00%
INSUMOS;INSUMOS;	42231500-03;SONDA PARA ALIMENTACION INFANTIL CORTA 10 FR;40.6;500;16.00%
INSUMOS;INSUMOS;	42231500-04;SONDA PARA ALIMENTACION INFANTIL CORTA 8 FR;40.6;500;16.00%
INSUMOS;INSUMOS;	42293505-08;SONDA PARA ASPIRAR SECRECIONES. CALIBRE: 8 fr;52.2;500;16.00%
INSUMOS;INSUMOS;	42292904-01;SUTURA CATGUT CROMICO 0 A/CH;116;500;16.00%
INSUMOS;INSUMOS;	42292904-02;SUTURA CATGUT CROMICO 0 A/G;116;500;16.00%
INSUMOS;INSUMOS;	42292904-03;SUTURA CATGUT CROMICO 1-0 A/CH;116;500;16.00%
INSUMOS;INSUMOS;	42292904-04;SUTURA CATGUT CROMICO 1-0 A/G;116;500;16.00%
INSUMOS;INSUMOS;	42292904-05;SUTURA CATGUT CROMICO 2-0 A/CH;116;500;16.00%
INSUMOS;INSUMOS;	42292904-06;SUTURA CATGUT CROMICO 2-0 A/G;116;500;16.00%
INSUMOS;INSUMOS;	42292904-07;SUTURA CATGUT CROMICO 3-0 A/CH;116;500;16.00%
INSUMOS;INSUMOS;	42292904-08;SUTURA CATGUT CROMICO 3-0 A/G;116;500;16.00%
INSUMOS;INSUMOS;	42292904-09;SUTURA CATGUT CROMICO 4-0 A/CH;116;500;16.00%
INSUMOS;INSUMOS;	42292904-10;SUTURA CATGUT CROMICO 4-0 A/G;116;500;16.00%
INSUMOS;INSUMOS;	42292904-11;SUTURA CERA PARA HUESOS (PASTA DE BECK). ESTERIL SOBRE CON 2.5 g.;580;500;16.00%
INSUMOS;INSUMOS;	42292904-12;SUTURA CROMICO SIMPLE  0 A/G;116;500;16.00%
INSUMOS;INSUMOS;	42292904-13;SUTURA CROMICO SIMPLE 0 A/CH;116;500;16.00%
INSUMOS;INSUMOS;	42292904-14;SUTURA CROMICO SIMPLE 1-0 A/CH ;116;500;16.00%
INSUMOS;INSUMOS;	42292904-15;SUTURA CROMICO SIMPLE 1-0 A/G;116;500;16.00%
INSUMOS;INSUMOS;	42292904-16;SUTURA CROMICO SIMPLE 2-0 A/CH;116;500;16.00%
INSUMOS;INSUMOS;	42292904-17;SUTURA CROMICO SIMPLE 2-0 A/G;116;500;16.00%
INSUMOS;INSUMOS;	42292904-18;SUTURA CROMICO SIMPLE 3-0 A/CH;116;500;16.00%
INSUMOS;INSUMOS;	42292904-19;SUTURA CROMICO SIMPLE 3-0 A/G;116;500;16.00%
INSUMOS;INSUMOS;	42292904-20;SUTURA CROMICO SIMPLE 4-0 A/CH;116;500;16.00%
INSUMOS;INSUMOS;	42292904-21;SUTURA CROMICO SIMPLE 4-0 A/G;116;500;16.00%
INSUMOS;INSUMOS;	42292904-22;SUTURA MONOCRIL 3-0 A/CORTANTE;406;500;16.00%
INSUMOS;INSUMOS;	42292904-23;SUTURA NAYLON 2-0 ;116;500;16.00%
INSUMOS;INSUMOS;	42292904-24;SUTURA NAYLON 3-0 ;116;500;16.00%
INSUMOS;INSUMOS;	42292904-25;SUTURA NAYLON 4-0 ;116;500;16.00%
INSUMOS;INSUMOS;	42292904-26;SUTURA NAYLON 5-0;116;500;16.00%
INSUMOS;INSUMOS;	42292904-27;SUTURA PROLENE 0 A/CH;116;500;16.00%
INSUMOS;INSUMOS;	42292904-28;SUTURA PROLENE 0 A/G;116;500;16.00%
INSUMOS;INSUMOS;	42292904-29;SUTURA PROLENE 1-0 A/CH;116;500;16.00%
INSUMOS;INSUMOS;	42292904-30;SUTURA PROLENE 1-0 A/G;116;500;16.00%
INSUMOS;INSUMOS;	42292904-31;SUTURA PROLENE 2-0 A/CH;116;500;16.00%
INSUMOS;INSUMOS;	42292904-32;SUTURA PROLENE 2-0 A/G;116;500;16.00%
INSUMOS;INSUMOS;	42292904-33;SUTURA PROLENE 3-0 A/CH;116;500;16.00%
INSUMOS;INSUMOS;	42292904-34;SUTURA PROLENE 3-0 A/G;116;500;16.00%
INSUMOS;INSUMOS;	42292904-35;SUTURA PROLENE 4-0 A/CH;116;500;16.00%
INSUMOS;INSUMOS;	42292904-36;SUTURA PROLENE 4-0 A/G;116;500;16.00%
INSUMOS;INSUMOS;	42292904-37;SUTURA PROLENE 5-0 A/CH;116;500;16.00%
INSUMOS;INSUMOS;	42292904-38;SUTURA PROLENE 5-0 A/G;116;500;16.00%
INSUMOS;INSUMOS;	42292904-39;SUTURA SEDA 0 A/CH;116;500;16.00%
INSUMOS;INSUMOS;	42292904-40;SUTURA SEDA 0 A/G;116;500;16.00%
INSUMOS;INSUMOS;	42292904-41;SUTURA SEDA 1-0 A/CH;116;500;16.00%
INSUMOS;INSUMOS;	42292904-42;SUTURA SEDA 1-0 A/G;116;500;16.00%
INSUMOS;INSUMOS;	42292904-43;SUTURA SEDA 2-0 A/CH;116;500;16.00%
INSUMOS;INSUMOS;	42292904-44;SUTURA SEDA 2-0 A/G;116;500;16.00%
INSUMOS;INSUMOS;	42292904-45;SUTURA SEDA 3-0 A/CH;116;500;16.00%
INSUMOS;INSUMOS;	42292904-46;SUTURA SEDA 3-0 A/G;116;500;16.00%
INSUMOS;INSUMOS;	42292904-47;SUTURA SEDA 4-0 A/CH;116;500;16.00%
INSUMOS;INSUMOS;	42292904-48;SUTURA SEDA 4-0 A/G;116;500;16.00%
INSUMOS;INSUMOS;	42292904-49;SUTURA SEDA 5-0 A/CH;116;500;16.00%
INSUMOS;INSUMOS;	42292904-50;SUTURA SEDA 5-0 A/G;116;500;16.00%
INSUMOS;INSUMOS;	42292904-51;SUTURA SEDA LIBRE  0  SI AGUJA;116;500;16.00%
INSUMOS;INSUMOS;	42292904-52;SUTURA SEDA LIBRE  1-0  SI AGUJA;116;500;16.00%
INSUMOS;INSUMOS;	42292904-53;SUTURA SEDA LIBRE  2-0  SI AGUJA;116;500;16.00%
INSUMOS;INSUMOS;	42292904-54;SUTURA SEDA LIBRE  3-0  SIN AGUJA;116;500;16.00%
INSUMOS;INSUMOS;	42292904-55;SUTURA SEDA LIBRE  4-0 SIN AGUJA;116;500;16.00%
INSUMOS;INSUMOS;	42292904-56;SUTURA VICRYL 0 A/CH;116;500;16.00%
INSUMOS;INSUMOS;	42292904-57;SUTURA VICRYL 0 A/G;116;500;16.00%
INSUMOS;INSUMOS;	42292904-58;SUTURA VICRYL 1-0 A/CH;116;500;16.00%
INSUMOS;INSUMOS;	42292904-59;SUTURA VICRYL 1-0 A/G;116;500;16.00%
INSUMOS;INSUMOS;	42292904-60;SUTURA VICRYL 2-0 A/CH;116;500;16.00%
INSUMOS;INSUMOS;	42292904-61;SUTURA VICRYL 2-0 A/G;116;500;16.00%
INSUMOS;INSUMOS;	42292904-62;SUTURA VICRYL 3-0 A/G;116;500;16.00%
INSUMOS;INSUMOS;	42292904-63;SUTURA VICRYL 3-0A/CH;116;500;16.00%
INSUMOS;INSUMOS;	42292904-64;SUTURA VICRYL 4-0 A/CH;116;500;16.00%
INSUMOS;INSUMOS;	42292904-65;SUTURA VICRYL 4-0 A/G;116;500;16.00%
INSUMOS;INSUMOS;	42292904-66;SUTURA VICRYL 5-0 A/CH;116;500;16.00%
INSUMOS;INSUMOS;	42292904-67;SUTURA VICRYL 5-0 A/G;116;500;16.00%
INSUMOS;INSUMOS;	42143103-01;T DE COBRE (DIU);348;500;16.00%
INSUMOS;INSUMOS;	31201500-12;TELAS ADHESIVAS DE ACETATO ANCHO: 1.25 cm. ;58;500;16.00%
INSUMOS;INSUMOS;	31201500-13;TELAS ADHESIVAS DE ACETATO ANCHO: 2.50 cm. ;58;500;16.00%
INSUMOS;INSUMOS;	31201500-14;TELAS ADHESIVAS. DE ACETATO ANCHO: 5.00 cm.;58;500;16.00%
INSUMOS;INSUMOS;	31201500-15;TELAS ADHESIVAS. DE ACETATO ANCHO: 7.5 cm.;58;500;16.00%
INSUMOS;INSUMOS;	42182206-01;TERMOMETRO DE MERCURIO ;52.2;500;16.00%
INSUMOS;INSUMOS;	42312400-01;TREGADEM CH;58;500;16.00%
INSUMOS;INSUMOS;	42312400-01;TREGADEM G;58;500;16.00%
INSUMOS;INSUMOS;	42271903-01;TUBO ENDOTRAQUEAL DOBLE ARMADA ;406;500;16.00%
INSUMOS;INSUMOS;	42271903-02;TUBO ENDOTRAQUEAL.  DIAMETRO INTERNO 8.0 mm. CALIBRE 32 Fr.;174;500;16.00%
INSUMOS;INSUMOS;	42271903-03;TUBO ENDOTRAQUEAL.  DIAMETRO INTERNO 8.5 mm. CALIBRE 34 Fr.;174;500;16.00%
INSUMOS;INSUMOS;	42271903-04;TUBO ENDOTRAQUEAL.  DIAMETRO INTERNO 9.0 mm. ;174;500;16.00%
INSUMOS;INSUMOS;	42271903-05;TUBO ENDOTRAQUEAL.  DIAMETRO INTERNO 9.5 mm. CALIBRE 36 Fr.;174;500;16.00%
INSUMOS;INSUMOS;	42271903-06;TUBO ENDOTRAQUEAL. DIAMETRO INTERNO 2.0 mm ;174;500;16.00%
INSUMOS;INSUMOS;	42271903-07;TUBO ENDOTRAQUEAL. DIAMETRO INTERNO 2.5 mm ;174;500;16.00%
INSUMOS;INSUMOS;	42271903-08;TUBO ENDOTRAQUEAL. DIAMETRO INTERNO 3.0 mm ;174;500;16.00%
INSUMOS;INSUMOS;	42271903-09;TUBO ENDOTRAQUEAL. DIAMETRO INTERNO 3.5 mm ;174;500;16.00%
INSUMOS;INSUMOS;	42271903-10;TUBO ENDOTRAQUEAL. DIAMETRO INTERNO 4.0 mm ;174;500;16.00%
INSUMOS;INSUMOS;	42271903-11;TUBO ENDOTRAQUEAL. DIAMETRO INTERNO 4.5 mm ;174;500;16.00%
INSUMOS;INSUMOS;	42271903-12;TUBO ENDOTRAQUEAL. DIAMETRO INTERNO 5.0 mm CALIBRE 20 Fr.;174;500;16.00%
INSUMOS;INSUMOS;	42271903-13;TUBO ENDOTRAQUEAL. DIAMETRO INTERNO 5.5 mm CALIBRE 22 Fr.;174;500;16.00%
INSUMOS;INSUMOS;	42271903-14;TUBO ENDOTRAQUEAL. DIAMETRO INTERNO 7.0 mm. CALIBRE 28 Fr;174;500;16.00%
INSUMOS;INSUMOS;	42271903-15;TUBO ENDOTRAQUEAL.. DIAMETRO INTERNO 6.0 mm. CALIBRE 24 Fr.;174;500;16.00%
INSUMOS;INSUMOS;	42271903-16;TUBO ENDOTRAQUEAL.. DIAMETRO INTERNO 6.5 mm. CALIBRE 26 Fr.;174;500;16.00%
INSUMOS;INSUMOS;	42271903-17;TUBO ENDOTRAQUEAL.. DIAMETRO INTERNO 7.5 mm. CALIBRE 30 Fr;337;500;16.00%
INSUMOS;INSUMOS;	40171520-01;"TUBO PARA CANALIZACION. DE LATEX NATURAL RADIOPACO PENROSE(1/2"")";174;500;16.00%
INSUMOS;INSUMOS;	40171520-02;"TUBO PARA CANALIZACION. DE LATEX NATURAL RADIOPACO. PENROSE(1"")";174;500;16.00%
INSUMOS;INSUMOS;	40171520-03;"TUBO PARA CANALIZACION. DE LATEX NATURAL RADIOPACO.PENROSE(1/4"")";174;500;16.00%
INSUMOS;INSUMOS;	40171520-04;TUBO PARA TOMA Y RECOLECCION DE SANGRE.;17.4;500;16.00%
INSUMOS;INSUMOS;	41104107-01;VACUTAINER ;69.6;500;16.00%
INSUMOS;INSUMOS;	41121801-01;VASO CLINICO ESTERIL;41;500;16.00%
INSUMOS;INSUMOS;	42311500-05;VENDA DE ALGODON ANCHO: 30 cm. ;70;500;16.00%
INSUMOS;INSUMOS;	42311500-02;VENDA DE ALGODON ANCHO. 10 cm. ;47;500;16.00%
INSUMOS;INSUMOS;	42311500-03;VENDA DE ALGODON ANCHO. 15 cm. ;52.2;500;16.00%
INSUMOS;INSUMOS;	42311500-04;VENDA DE ALGODON ANCHO. 5 cm. ;17.4;500;16.00%
INSUMOS;INSUMOS;	42311500-06;VENDA DE GOMA (SMARCH)  ANCHO 8 cm.;35;500;16.00%
INSUMOS;INSUMOS;	42311500-07;VENDA DE GOMA (SMARCH)  ANCHO. 6 cm.;35;500;16.00%
INSUMOS;INSUMOS;	42311500-08;VENDA DE MALLA ELASTICA. FORMA TUBULAR.  CALIBRE  4;40.6;500;16.00%
INSUMOS;INSUMOS;	42311500-09;VENDA ELASTICA ADHESIVA  ANCHO 7.5 cm.(TENSOPLAST);174;500;16.00%
INSUMOS;INSUMOS;	42131609-01;ZAPATONES/BOTAS;41;500;16.00%
